name,status,prod_orig,prod_curr,estab_date,total_size,ava,boundary
AETNA SPRING CELLARS,PROD,2000,20000,06/01/1986,2500,Napa Valley,"<Point><coordinates>-122.466439350679522,38.650287350196606,0</coordinates></Point>"
POPE VALLEY WINERY,PROD,5000,20000,12/01/1972,4836,Napa Valley,"<Point><coordinates>-122.451882659472005,38.633936412743132,0</coordinates></Point>"
CANDLESTICK RIDGE VINEYARD,UNKNWN,20000,20000,09/01/1988,3018,Howell Mountain,"<Point><coordinates>-122.478445061038073,38.620086391890119,0</coordinates></Point>"
WHISKEY RIVER RANCH VINEYARDS,PROD,180000,360000,09/01/1996,30537,Napa Valley,"<Point><coordinates>-122.395633885785344,38.60496956712263,0</coordinates></Point>"
SEARS WINERY,PRODMD,750,20000,09/01/1996,8365,Howell Mountain,"<Point><coordinates>-122.473126267672157,38.605272664721987,0</coordinates></Point>"
CHATEAU MONTELENA WINERY,PROD,125000,128000,09/01/1886,44062,Calistoga,"<Point><coordinates>-122.598785970794083,38.602971147775627,0</coordinates></Point>"
STORYBOOK MOUNTAIN VINEYARD,PROD,3,15000,09/18/1983,8375,Calistoga,"<Point><coordinates>-122.639386181136572,38.59973629974013,0</coordinates></Point>"
ATALON WINERY,PROD,1500,60000,12/01/1978,12100,Calistoga,"<Point><coordinates>-122.60983779340512,38.599187216688939,0</coordinates></Point>"
HELENA VIEW - JOHNSTON VINEYARDS,PROD,2000,20000,09/01/1989,1200,Calistoga,"<Point><coordinates>-122.624906581857886,38.600942555403265,0</coordinates></Point>"
BENNETT LANE WINERY,PROD,20000,50000,09/01/1996,17550,Calistoga,"<Point><coordinates>-122.61527365007025,38.599379169045172,0</coordinates></Point>"
SUMMIT LAKE VINEYARDS,PROD,3000,12000,09/01/1985,2500,Howell Mountain,"<Point><coordinates>-122.460313044219617,38.600112527446591,0</coordinates></Point>"
ARROYO WINERY,PROD,10000,20000,12/01/1982,9586,Calistoga,"<Point><coordinates>-122.588574979177437,38.597259054221148,0</coordinates></Point>"
OUTPOST WINES,PROD,1800,50000,09/01/1988,9155,Howell Mountain,"<Point><coordinates>-122.463380863644602,38.598080318766058,0</coordinates></Point>"
DUNN VINEYARDS,PROD,5000,20000,12/01/1982,8050,Howell Mountain,"<Point><coordinates>-122.451457245475694,38.59329938889055,0</coordinates></Point>"
SUMMERS WINERY,PROD,20000,100000,09/01/1984,13948,Calistoga,"<Point><coordinates>-122.605076454994958,38.592296505678021,0</coordinates></Point>"
LAURA MICHAEL WINES,PRODMD,5000,5000,12/01/1980,600,Calistoga,"<Point><coordinates>-122.578409425570612,38.591769979477768,0</coordinates></Point>"
ARAUJO ESTATES WINERY,PROD,20000,20000,09/01/1992,18403,Calistoga,"<Point><coordinates>-122.553988545120049,38.584647990980685,0</coordinates></Point>"
THEOREM WINERY,APVD,20000,20000,12/01/1985,23925,Diamond Mountain District,"<Point><coordinates>-122.617383511438774,38.576121691585982,0</coordinates></Point>"
FAIRVIEW ESTATES WINERY,PROD,45000,155048,09/01/1970,45002,Calistoga,"<Point><coordinates>-122.54949222449784,38.575457458914208,0</coordinates></Point>"
DUTCH HENRY WINERY,PROD,20000,20000,05/01/1984,7100,Calistoga,"<Point><coordinates>-122.525698261008145,38.57702467515076,0</coordinates></Point>"
CLOS PEGASE  INC,PROD,55000,200000,09/01/1986,43100,Calistoga,"<Point><coordinates>-122.555177559483809,38.572228903175805,0</coordinates></Point>"
PAOLETTI ESTATES WINERY,PROD,16000,16000,09/01/1995,10004,Calistoga,"<Point><coordinates>-122.544154704363507,38.572758693176894,0</coordinates></Point>"
STERLING VINEYARDS,PROD,730000,1500000,09/01/1969,161362,Calistoga,"<Point><coordinates>-122.544966216432954,38.569554820514782,0</coordinates></Point>"
REVERIE ON DIAMOND MOUNTAIN,PROD,5000,9200,09/21/1995,9947,Diamond Mountain District,"<Point><coordinates>-122.577829685402079,38.566852687031322,0</coordinates></Point>"
VON STRASSER WINERY,PROD,2500,25000,09/01/1980,11100,Diamond Mountain District,"<Point><coordinates>-122.575115655950881,38.566646184750262,0</coordinates></Point>"
LADERA WINERY,PROD,31000,150000,09/01/1985,39247,Howell Mountain,"<Point><coordinates>-122.459184670390371,38.568609523615599,0</coordinates></Point>"
DIAMOND CREEK VINEYARDS,PROD,5000,10000,09/01/1972,9000,Diamond Mountain District,"<Point><coordinates>-122.580540369029151,38.56557152446743,0</coordinates></Point>"
TWOMEY CELLARS,PROD,20000,81500,09/01/1973,18940,Calistoga,"<Point><coordinates>-122.556985537948151,38.565905569876321,0</coordinates></Point>"
COOK FAMILY WINERY,PROD,6500,20000,09/01/1990,2789,St Helena,"<Point><coordinates>-122.496870267836798,38.561377617130077,0</coordinates></Point>"
WERMUTH WINERY/RANCHO DE LAS FLORES,PROD,20000,20000,09/01/1983,775,Calistoga,"<Point><coordinates>-122.510339123318971,38.56295868248349,0</coordinates></Point>"
VIADER VINEYARDS,PROD,32000,32000,09/01/1993,18814,Napa Valley,"<Point><coordinates>-122.473755546587711,38.560143789613669,0</coordinates></Point>"
FRANK FAMILY VINEYARDS,PROD,350000,564500,09/01/1952,102570,Calistoga,"<Point><coordinates>-122.521841928999663,38.559368904138594,0</coordinates></Point>"
BENESSERE,PROD,40000,40000,09/01/1980,9994,St Helena,"<Point><coordinates>-122.505807303556921,38.55196564570597,0</coordinates></Point>"
LA JOTA VINEYARD,PROD,10000,20000,09/01/1982,10700,Howell Mountain,"<Point><coordinates>-122.417282597637154,38.55416773505894,0</coordinates></Point>"
SCHRAMSBERG VINEYARDS WINERY,PROD,32000,180000,09/01/1973,94716,Diamond Mountain District,"<Point><coordinates>-122.5380260829169,38.550444281925678,0</coordinates></Point>"
ALTA VINEYARD CELLAR,PROD,5000,5000,09/01/1980,480,Diamond Mountain District,"<Point><coordinates>-122.535585191270343,38.551355243213393,0</coordinates></Point>"
BREMER FAMILY WINERY,PROD,15000,15000,09/01/1979,22916,Napa Valley,"<Point><coordinates>-122.470815881958913,38.55082991068582,0</coordinates></Point>"
TUDAL WINERY,PROD,1000,3500,09/01/1979,1248,St Helena,"<Point><coordinates>-122.503432098815608,38.548869316663541,0</coordinates></Point>"
ROMBAUER VINEYARDS,PROD,20000,450000,12/01/1982,72950,St Helena,"<Point><coordinates>-122.493003397615624,38.545849063190488,0</coordinates></Point>"
CHATEAU BOSWELL,PROD,48000,48000,09/01/1982,18060,St Helena,"<Point><coordinates>-122.48932617135884,38.544481405993388,0</coordinates></Point>"
CASA NUESTRA,PROD,5000,5000,09/01/1980,3420,St Helena,"<Point><coordinates>-122.495225238068343,38.543552897031802,0</coordinates></Point>"
TURLEY WINE CELLARS,PROD,3000,65000,09/01/1985,13171,St Helena,"<Point><coordinates>-122.507062032498226,38.540803748284773,0</coordinates></Point>"
VOLKER EISELE FAMILY ESTATE,PROD,5000,20000,09/24/1990,2400,Chiles Valley District,"<Point><coordinates>-122.326131522147406,38.53258551385472,0</coordinates></Point>"
EL MOLINO WINERY,PROD,3000,3000,09/01/1988,5500,Spring Mountain District,"<Point><coordinates>-122.510223178296428,38.539652690613536,0</coordinates></Point>"
STONY HILL VINEYARD,PROD,8700,8700,09/01/1953,0,Spring Mountain District,"<Point><coordinates>-122.530162064995849,38.534700671564671,0</coordinates></Point>"
ARNS WINERY,PROD,2000,10000,09/01/1990,800,Napa Valley,"<Point><coordinates>-122.458816359101377,38.534723794473912,0</coordinates></Point>"
SABINA VINEYARDS,PROD,1800,8000,12/01/1984,1600,St Helena,"<Point><coordinates>-122.509125438208699,38.536967191838251,0</coordinates></Point>"
RUSTRIDGE WINERY,PROD,5000,5000,12/01/1985,2000,Chiles Valley District,"<Point><coordinates>-122.318020156752496,38.528434648635944,0</coordinates></Point>"
BARNETT VINEYARDS,PROD,20000,20000,12/01/1988,5076,Spring Mountain District,"<Point><coordinates>-122.551212666833564,38.532376021358431,0</coordinates></Point>"
SMITH MADRONE VINEYARDS,PROD,18000,18000,09/01/1977,3200,Spring Mountain District,"<Point><coordinates>-122.548394559789983,38.532547305921099,0</coordinates></Point>"
EHLERS ESTATE WINERY,PROD,13000,25000,09/01/1992,22570,St Helena,"<Point><coordinates>-122.498354212034045,38.531991423597496,0</coordinates></Point>"
METZGER VINEYARDS,UNKNWN,800,800,09/01/1990,670,St Helena,"<Point><coordinates>-122.505057504770875,38.531746112038952,0</coordinates></Point>"
BEHRENS FAMILY WINERY,PRODMD,10000,10000,09/01/2001,2000,Spring Mountain District,"<Point><coordinates>-122.5588907478312,38.532521790873616,0</coordinates></Point>"
RITCHIE CREEK VINEYARDS,PROD,1000,5000,12/01/1981,500,Spring Mountain District,"<Point><coordinates>-122.562106051132602,38.528410974571536,0</coordinates></Point>"
SHERWIN FAMILY VINEYARDS,PROD,150,6500,09/01/1989,5008,Spring Mountain District,"<Point><coordinates>-122.557157427406267,38.530811874783915,0</coordinates></Point>"
GREEN AND RED VINEYARD,PROD,960,2560,12/01/1987,4712,Chiles Valley District,"<Point><coordinates>-122.339358901674998,38.530559771700851,0</coordinates></Point>"
ROBERT KEENAN WINERY,PROD,50000,50000,09/01/1977,10006,Spring Mountain District,"<Point><coordinates>-122.537577694423149,38.524433709562992,0</coordinates></Point>"
DUCKHORN VINEYARDS,PROD,36000,160000,09/01/1975,32933,St Helena,"<Point><coordinates>-122.491215913271688,38.529989957894408,0</coordinates></Point>"
TRINCHERO NAPA VALLEY,PROD,10000,100000,12/01/1981,37507,St Helena,"<Point><coordinates>-122.496361214221352,38.528419288828829,0</coordinates></Point>"
SCHWEIGER VINEYARDS,PROD,20000,20000,09/01/1995,15664,Spring Mountain District,"<Point><coordinates>-122.546465150122543,38.527108820601669,0</coordinates></Point>"
PHILIP VINEYARD,PROD,1000,20000,09/01/1985,5000,Spring Mountain District,"<Point><coordinates>-122.536410001383203,38.520826135719318,0</coordinates></Point>"
GRACE FAMILY WINERY,PROD,3000,7000,09/01/1987,2660,St Helena,"<Point><coordinates>-122.497092089991142,38.522435498146777,0</coordinates></Point>"
GUILLIAMS,PROD,700,3000,09/01/1984,1486,Spring Mountain District,"<Point><coordinates>-122.542969207285068,38.521780298385785,0</coordinates></Point>"
BALLENTINE WINERY,PROD,50000,50000,09/01/1995,7400,St Helena,"<Point><coordinates>-122.490546038530084,38.519497488070265,0</coordinates></Point>"
AMIZETTA VINEYARDS,PROD,3750,12000,09/01/1985,2700,Napa Valley,"<Point><coordinates>-122.382242344043021,38.520647125403336,0</coordinates></Point>"
MARKHAM WINERY,PROD,30000,429000,09/01/1978,73983,St Helena,"<Point><coordinates>-122.488890654681128,38.519184937653776,0</coordinates></Point>"
DOMAINE CHARBAY WINERY,PROD,20000,20000,09/01/1993,7500,Spring Mountain District,"<Point><coordinates>-122.543880522016636,38.519836740303603,0</coordinates></Point>"
LOKOYA,PROD,50000,50000,09/01/1970,16712,Spring Mountain District,"<Point><coordinates>-122.540886903822752,38.515443487952808,0</coordinates></Point>"
ST CLEMENT VINEYARDS,PROD,24000,72000,09/01/1975,6600,St Helena,"<Point><coordinates>-122.492814738813593,38.518274483782761,0</coordinates></Point>"
JOSEPH PHELPS VINEYARDS,PROD,420000,420000,09/01/1975,63134,St Helena,"<Point><coordinates>-122.428711233148405,38.50713903605147,0</coordinates></Point>"
CHATEAU CHEVALIER WINERY,PROD,24500,24500,12/01/1973,3500,Spring Mountain District,"<Point><coordinates>-122.510274788696364,38.514350688271001,0</coordinates></Point>"
EAGLES TRACE,PROD,20000,40000,06/01/1986,26099,Napa Valley,"<Point><coordinates>-122.41170393467452,38.512763041368174,0</coordinates></Point>"
BUEHLER VINEYARDS,PROD,9600,50000,09/01/1983,12187,Napa Valley,"<Point><coordinates>-122.380511318466603,38.511958561782372,0</coordinates></Point>"
SPRING MOUNTAIN VINEYARDS #2,PROD,1000,20000,12/01/1990,8550,Spring Mountain District,"<Point><coordinates>-122.514078036819839,38.507167629363138,0</coordinates></Point>"
STREBLOW WINERY,UNKNWN,2000,25000,09/01/1985,360,Spring Mountain District,"<Point><coordinates>-122.502914271986285,38.51086503502578,0</coordinates></Point>"
SEAVEY VINEYARD,PROD,300,20000,09/01/1989,12085,Napa Valley,"<Point><coordinates>-122.400283837626418,38.507675115963238,0</coordinates></Point>"
MJA WINERY,PROD,3300,15000,09/01/1989,17432,Napa Valley,"<Point><coordinates>-122.390800815369474,38.511125876571526,0</coordinates></Point>"
SPRING MOUNTAIN VINEYARDS,PROD,15000,48000,09/01/1968,33660,Spring Mountain District,"<Point><coordinates>-122.491668818605618,38.505911661976647,0</coordinates></Point>"
AUBURNJAMES WINERY,PROD,40000,100000,12/01/1980,18554,St Helena,"<Point><coordinates>-122.439628894120276,38.50523184962897,0</coordinates></Point>"
HEITZ WINE CELLARS,PROD,90000,144000,09/01/1961,50100,St Helena,"<Point><coordinates>-122.417759326517512,38.502097091875051,0</coordinates></Point>"
NICHELINI VINEYARDS,PROD,12000,12000,09/01/1920,0,Napa Valley,"<Point><coordinates>-122.293889991995627,38.500465460166382,0</coordinates></Point>"
NEWTON VINEYARD,PROD,18000,130000,12/01/1979,34200,Spring Mountain District,"<Point><coordinates>-122.496274552257333,38.501119894015027,0</coordinates></Point>"
CAIN CELLARS,PROD,59000,59000,09/01/1982,26220,Spring Mountain District,"<Point><coordinates>-122.538169822204935,38.497864954347442,0</coordinates></Point>"
THE TERRACES,PROD,20000,20000,09/01/1989,1964,Rutherford,"<Point><coordinates>-122.419972626298076,38.496090601185955,0</coordinates></Point>"
SLOAN WINERY,PROD,1200,15000,09/01/1991,9293,Napa Valley,"<Point><coordinates>-122.398758754434894,38.493652837812824,0</coordinates></Point>"
MARIO PERELLI MINETTI,PROD,10000,20000,09/01/1988,6400,Rutherford,"<Point><coordinates>-122.422904199753319,38.494328360399123,0</coordinates></Point>"
RUTHERFORD HILL WINERY,PROD,420000,640000,12/01/1976,110622,Rutherford,"<Point><coordinates>-122.403807992481461,38.493738287377333,0</coordinates></Point>"
LOUIS M MARTINI  WINERY,PROD,2000000,2000000,09/01/1923,153762,St Helena,"<Point><coordinates>-122.452353518794197,38.492436513522826,0</coordinates></Point>"
THE RANCH WINERY,PROD,700000,12520000,09/01/1985,242606,Rutherford,"<Point><coordinates>-122.426328716512103,38.488544190297084,0</coordinates></Point>"
SUTTER HOME WINERY,PROD,200000,200000,09/01/1946,41000,St Helena,"<Point><coordinates>-122.453623576279497,38.491340374340808,0</coordinates></Point>"
PRAGER WINERY,PROD,4000,8500,09/01/1979,3352,St Helena,"<Point><coordinates>-122.454494191286571,38.49116773705061,0</coordinates></Point>"
KELHAM WINERY,PROD,20000,100000,09/01/1985,16596,St Helena,"<Point><coordinates>-122.435491187524278,38.490015155993781,0</coordinates></Point>"
HALL WINERY,PROD,2805000,1260000,09/01/1934,179787,St Helena,"<Point><coordinates>-122.453141065626951,38.48963155150112,0</coordinates></Point>"
ROUND HILL CELLARS (RUTHERFORD RANCH),PROD,144000,1000000,09/01/1987,29685,Rutherford,"<Point><coordinates>-122.407127323745414,38.488541658196233,0</coordinates></Point>"
SATTUI WINERY,PROD,20000,96000,09/01/1975,37650,St Helena,"<Point><coordinates>-122.448090436476065,38.489011089211139,0</coordinates></Point>"
NEYERS VINEYARDS WINERY,PROD,10000,40000,09/01/1983,14800,Napa Valley,"<Point><coordinates>-122.327828218101942,38.489461283684996,0</coordinates></Point>"
DAKOTA SHY WINERY,APVD,1000,14000,,6060,Rutherford,"<Point><coordinates>-122.401165480084757,38.486702819631077,0</coordinates></Point>"
CONN CREEK WINERY,PROD,260000,850000,09/01/1980,30055,Rutherford,"<Point><coordinates>-122.404830775062592,38.486174497403681,0</coordinates></Point>"
VILLA HELENA,PROD,6000,20000,09/01/1984,5012,St Helena,"<Point><coordinates>-122.45076526548236,38.485749511635333,0</coordinates></Point>"
RAYMOND VINEYARD AND CELLAR,PRODMD,50000,750000,09/01/1985,125179,Rutherford,"<Point><coordinates>-122.434533196995062,38.48214790189359,0</coordinates></Point>"
DELECTUS (MILAT WINERY),PROD,20000,20000,09/01/1986,5340,St Helena,"<Point><coordinates>-122.445971807031697,38.485145117980096,0</coordinates></Point>"
VILLA DEL LAGO,PROD,7200,15000,09/01/1993,7377,Napa Valley,"<Point><coordinates>-122.344573436200491,38.484341574121089,0</coordinates></Point>"
FLEURY FAMILY WINERY,PROD,20000,20000,12/01/1985,4230,Rutherford,"<Point><coordinates>-122.424106295347556,38.481117426148622,0</coordinates></Point>"
SINEGAL ESTATE WINERY,PROD,13200,60000,09/01/1983,20225,St Helena,"<Point><coordinates>-122.460192997906802,38.481462700429184,0</coordinates></Point>"
CHAPPELLET WINERY,PROD,59445,150000,09/01/1969,53136,Napa Valley,"<Point><coordinates>-122.335656828800126,38.482219126464862,0</coordinates></Point>"
FLORA SPRINGS WINE CO,PRODMD,3000,120000,09/01/1979,36565,Rutherford,"<Point><coordinates>-122.455372655360861,38.476608790241052,0</coordinates></Point>"
MUMM NAPA VALLEY,PROD,500000,850000,09/01/1988,140834,Rutherford,"<Point><coordinates>-122.393772343638659,38.478343906394755,0</coordinates></Point>"
SULLIVAN FAMILY ESTATE,PROD,22500,22500,09/01/1983,5894,Rutherford,"<Point><coordinates>-122.429853685849892,38.478355421253553,0</coordinates></Point>"
WHITEHALL LANE WINERY,PROD,10000,200000,09/01/1980,34227,Rutherford,"<Point><coordinates>-122.438143364355085,38.477835184194696,0</coordinates></Point>"
FRANCISCAN WINERY,PROD,185000,1200000,09/01/1973,118694,Rutherford,"<Point><coordinates>-122.432405348874667,38.474583986119704,0</coordinates></Point>"
ZD WINES,PROD,25000,70000,09/01/1979,22956,Rutherford,"<Point><coordinates>-122.389542772078627,38.476548673303775,0</coordinates></Point>"
CAYMUS VINEYARDS,PROD,110000,110000,09/01/1971,85370,Rutherford,"<Point><coordinates>-122.397791838787498,38.470918558639347,0</coordinates></Point>"
HONIG CELLARS,PROD,20000,300000,12/01/1982,33837,Rutherford,"<Point><coordinates>-122.407288830847421,38.47305785613117,0</coordinates></Point>"
FROGS LEAP WINERY,PRODMD,240000,240000,09/01/1996,38568,Rutherford,"<Point><coordinates>-122.402304511032085,38.474007207070223,0</coordinates></Point>"
DANA ESTATES,PROD,20000,20000,09/01/1989,27886,Rutherford,"<Point><coordinates>-122.45042413457233,38.472649667944061,0</coordinates></Point>"
RUTHERFORD GROVE,PROD,35000,35000,09/01/1977,7900,Rutherford,"<Point><coordinates>-122.435758759186101,38.471452364122342,0</coordinates></Point>"
ALPHA OMEGA WINERY,PROD,50000,100000,09/01/1986,17419,Rutherford,"<Point><coordinates>-122.429285556535248,38.470427640841422,0</coordinates></Point>"
PROVENANCE VINEYARDS,PROD,85000,180000,12/01/1987,39925,Rutherford,"<Point><coordinates>-122.433269342189888,38.470176971744721,0</coordinates></Point>"
PINA CELLARS,PROD,20000,20000,09/01/1982,3000,Rutherford,"<Point><coordinates>-122.377373369384728,38.467071682373387,0</coordinates></Point>"
DAVID ARTHUR VINEYARDS,PROD,5500,30000,09/01/1985,13400,Napa Valley,"<Point><coordinates>-122.348685264645951,38.467662307209636,0</coordinates></Point>"
GRGICH HILLS CELLARS,PROD,50000,250000,10/01/1977,46083,Rutherford,"<Point><coordinates>-122.429410406916091,38.465554531114037,0</coordinates></Point>"
MINER FAMILY WINERY,PROD,120000,300000,09/01/1996,41500,Oakville,"<Point><coordinates>-122.371060697747893,38.462754596928825,0</coordinates></Point>"
TRES SABORES,PROD,20000,20000,09/11/1991,2930,Rutherford,"<Point><coordinates>-122.445260675053618,38.462135261029083,0</coordinates></Point>"
LONGMEADOW RANCH WINERY,PROD,16000,16000,09/01/1996,16500,Napa Valley,"<Point><coordinates>-122.462869831370085,38.462735061417874,0</coordinates></Point>"
BEAULIEU VINEYARDS,PROD,1190000,1800000,09/01/1903,284940,Rutherford,"<Point><coordinates>-122.42338163186777,38.460228052003686,0</coordinates></Point>"
OAKVILLE RANCH,PROD,3000,5000,12/01/1985,2354,Oakville,"<Point><coordinates>-122.35178750626784,38.45526290934054,0</coordinates></Point>"
NIEBAUM COPPOLA ESTATE HWY 29,PROD,10000,250000,09/01/1933,93279,Rutherford,"<Point><coordinates>-122.430950750933803,38.454647472623861,0</coordinates></Point>"
PEJU PROVINCE WINERY,PROD,60000,120000,12/01/1984,26866,Rutherford,"<Point><coordinates>-122.417781749395473,38.455457822300609,0</coordinates></Point>"
ST SUPERY VINEYARDS AND WINERY,PROD,450000,450000,09/01/1988,93750,Rutherford,"<Point><coordinates>-122.414508524321135,38.455260575348255,0</coordinates></Point>"
DALLA VALLE VINEYARDS,PROD,5000,20000,09/01/1988,2849,Oakville,"<Point><coordinates>-122.358889294039997,38.456440695684698,0</coordinates></Point>"
PLUMP JACK WINERY,PROD,25000,25000,09/18/1981,7574,Oakville,"<Point><coordinates>-122.374278348119233,38.455634354157937,0</coordinates></Point>"
RUDD ESTATE WINERY,PROD,35000,75000,05/01/1980,32088,Oakville,"<Point><coordinates>-122.365814887206554,38.457944683028856,0</coordinates></Point>"
STAR VINEYARDS,UNKNWN,30000,30000,09/01/1985,2800,Rutherford,"<Point><coordinates>-122.419797978578259,38.456570166377368,0</coordinates></Point>"
NIEBAUM COPPOLA ESTATE NIEBAUM LN,PROD,25000,50000,12/01/1978,30090,Rutherford,"<Point><coordinates>-122.437693628918083,38.453178804922956,0</coordinates></Point>"
GROTH WINERY AND OAKCROSS VINEYARDS,PROD,24000,200000,09/01/1983,49480,Oakville,"<Point><coordinates>-122.380217884375682,38.449305188511708,0</coordinates></Point>"
FOLEY JOHNSON WINERY,PROD,10000,20000,09/19/1999,20616,Rutherford,"<Point><coordinates>-122.413641219054895,38.450214616765621,0</coordinates></Point>"
SEQUOIA GROVE VINEYARDS,PRODMD,50000,150000,09/01/1980,27810,Rutherford,"<Point><coordinates>-122.411820150319116,38.449594706469753,0</coordinates></Point>"
VILLA RAGAZZI,PROD,20000,20000,09/01/1984,916,Oakville,"<Point><coordinates>-122.385758518543128,38.452388685349646,0</coordinates></Point>"
SADDLEBACK CELLARS,PROD,5000,8000,09/01/1984,4000,Oakville,"<Point><coordinates>-122.388214530764913,38.449393243498392,0</coordinates></Point>"
SWANSON VINEYARDS,PROD,4000,42500,09/01/1987,8480,Rutherford,"<Point><coordinates>-122.419113520058602,38.450318466282127,0</coordinates></Point>"
SCREAMING EAGLE WINERY,PROD,20000,20000,09/01/1989,38333,Oakville,"<Point><coordinates>-122.36309538245365,38.446784929183799,0</coordinates></Point>"
VINE CLIFF WINERY,PROD,10000,48000,09/01/1989,22780,Oakville,"<Point><coordinates>-122.350631709243928,38.447093892119867,0</coordinates></Point>"
TURNBULL WINE CELLARS,PROD,2500,250000,12/01/1979,40543,Oakville,"<Point><coordinates>-122.408309025929057,38.444377899681221,0</coordinates></Point>"
MOSS CREEK WINERY,PROD,100000,100000,09/01/1987,23100,Napa Valley,"<Point><coordinates>-122.194850074155653,38.44590360955489,0</coordinates></Point>"
SILVER OAK WINE CELLARS,PROD,18000,210000,12/01/1981,75000,Oakville,"<Point><coordinates>-122.381258915468166,38.440886891351184,0</coordinates></Point>"
OPUS ONE WINERY,PROD,82000,250000,09/07/1992,131906,Oakville,"<Point><coordinates>-122.399708237248987,38.44136720712789,0</coordinates></Point>"
ROBERT MONDAVI WINERY,PROD,1200000,3000000,09/01/1966,195377,Oakville,"<Point><coordinates>-122.409670886104962,38.441664913937913,0</coordinates></Point>"
NAPA WINE CO,PROD,1000000,4000000,09/01/1933,80955,Oakville,"<Point><coordinates>-122.401882970781656,38.436638395893844,0</coordinates></Point>"
CARDINALE WINERY,PROD,50000,1280000,09/01/1981,172060,Oakville,"<Point><coordinates>-122.38924489703966,38.429572479475496,0</coordinates></Point>"
ANTICA NAPA VALLEY,PROD,450000,450000,10/01/1992,83000,Atlas Peak,"<Point><coordinates>-122.292410772268354,38.427647008556157,0</coordinates></Point>"
ASTRALE E TERRA  WINERY,PROD,1000,20000,09/01/1990,864,Atlas Peak,"<Point><coordinates>-122.29479398371663,38.431228137902707,0</coordinates></Point>"
GOOSECROSS CELLARS,PROD,9000,30000,09/01/1988,6511,Yountville,"<Point><coordinates>-122.353858281363713,38.427051236784791,0</coordinates></Point>"
LA VALLETTE WINERY,UNKNWN,20000,20000,09/01/1989,1600,Napa Valley,"<Point><coordinates>-122.303441491928098,38.427143020062708,0</coordinates></Point>"
FAR NIENTE WINERY,PROD,60000,175000,09/01/1982,57000,Oakville,"<Point><coordinates>-122.403243172736936,38.425878573008632,0</coordinates></Point>"
ROBERT SINSKEY VINEYARDS,PROD,65000,65000,09/01/1989,19685,Stags Leap District,"<Point><coordinates>-122.337001065885161,38.425421143301712,0</coordinates></Point>"
CLIFF LEDE VINEYARDS,PROD,30000,120000,09/01/1979,57730,Stags Leap District,"<Point><coordinates>-122.344580952240307,38.423981204748586,0</coordinates></Point>"
HARLAN ESTATE II,PROD,144000,144000,09/01/1980,65627,Oakville,"<Point><coordinates>-122.414736265133172,38.421395326412927,0</coordinates></Point>"
PARADIGM WINERY,PRODMD,6000,30000,09/01/1990,4616,Oakville,"<Point><coordinates>-122.393875559659079,38.420720419264512,0</coordinates></Point>"
SHAFER VINEYARDS,PROD,25000,200000,06/01/1979,42530,Stags Leap District,"<Point><coordinates>-122.326700164671209,38.420427090343011,0</coordinates></Point>"
BALDACCI FAMILY VINEYARDS,PRODMD,20000,20000,09/01/1989,9816,Stags Leap District,"<Point><coordinates>-122.337654084688054,38.421045342138505,0</coordinates></Point>"
FOLIE A DEUX,PROD,3600,50000,09/01/1996,9700,Oakville,"<Point><coordinates>-122.390200965411168,38.421182876497831,0</coordinates></Point>"
COSENTINO WINERY,PROD,30000,30000,09/01/1990,12850,Oakville,"<Point><coordinates>-122.388749155855891,38.419293774903011,0</coordinates></Point>"
QUIXOTE WINERY,PROD,20000,20000,09/01/1997,8050,Stags Leap District,"<Point><coordinates>-122.323871509469043,38.417792117325085,0</coordinates></Point>"
STAG'S LEAP WINERY (DOUMANI 5),PROD,60000,315000,09/01/1993,88189,Stags Leap District,"<Point><coordinates>-122.321224559613128,38.417878453263597,0</coordinates></Point>"
HAKANSON WINERY,UNKNWN,20000,20000,04/12/1996,720,Napa Valley,"<Point><coordinates>-122.421145671147485,38.415046563021519,0</coordinates></Point>"
STAGS LEAP WINE WINERY (DOUMANI 1),PROD,5000,60000,12/01/1973,23939,Stags Leap District,"<Point><coordinates>-122.32100620307547,38.415562942631411,0</coordinates></Point>"
BERINGER WINE ESTATES,PROD,20000,20000,09/01/1991,5400,Stags Leap District,"<Point><coordinates>-122.320546820955769,38.412287948222385,0</coordinates></Point>"
BOND ESTATES,PROD,6000,20000,09/01/1988,14802,Napa Valley,"<Point><coordinates>-122.411738112780355,38.412324606531634,0</coordinates></Point>"
SILVERADO VINEYARDS,PROD,96000,360000,09/01/1981,65030,Stags Leap District,"<Point><coordinates>-122.336099040200494,38.411748446577683,0</coordinates></Point>"
ODETTE WINERY,PROD,2000,59999,09/01/1983,25840,Stags Leap District,"<Point><coordinates>-122.328173083950176,38.406357334701852,0</coordinates></Point>"
DOMINUS ESTATE WINERY,PROD,75000,125000,10/01/1997,48000,Yountville,"<Point><coordinates>-122.372704438013784,38.405613993973063,0</coordinates></Point>"
PINE RIDGE WINERY,PROD,120000,300000,09/01/1978,67726,Stags Leap District,"<Point><coordinates>-122.331815697745455,38.405475100438039,0</coordinates></Point>"
STAGS LEAP WINE CELLARS,PROD,20000,330000,06/01/1973,88108,Stags Leap District,"<Point><coordinates>-122.324258160040927,38.398383978085313,0</coordinates></Point>"
REGUSCI WINERY,PROD,25000,25000,09/01/1996,2980,Stags Leap District,"<Point><coordinates>-122.313691884149947,38.397819017626638,0</coordinates></Point>"
DOMAINE CHANDON,PROD,250000,1980000,09/01/1975,326074,Yountville,"<Point><coordinates>-122.365504328428301,38.397707799666399,0</coordinates></Point>"
HARTWELL WINERY,PROD,12000,36000,09/01/1998,13000,Stags Leap District,"<Point><coordinates>-122.331095039836597,38.400235761937417,0</coordinates></Point>"
SCIAMBRA WINERY,PROD,10000,10000,10/01/1998,5159,Atlas Peak,"<Point><coordinates>-122.247025331602103,38.399559418379738,0</coordinates></Point>"
CHATEAU POTELLE,PROD,6000,48000,09/01/1978,5790,Mount Veeder,"<Point><coordinates>-122.458942628988865,38.393417412536834,0</coordinates></Point>"
CHIMNEY ROCK VINEYARDS,PROD,59250,145000,09/01/1989,48500,Stags Leap District,"<Point><coordinates>-122.313368327276294,38.390071291623492,0</coordinates></Point>"
HOPPER CREEK WINERY,PROD,10000,20000,09/01/1984,3300,Yountville,"<Point><coordinates>-122.346647522427631,38.390902922998706,0</coordinates></Point>"
BELL WINE CELLARS,PROD,20000,60000,09/01/1984,11409,Yountville,"<Point><coordinates>-122.344519259940398,38.390898309039358,0</coordinates></Point>"
CLOS DU VAL WINE CO,PROD,36000,350000,09/01/1974,59882,Stags Leap District,"<Point><coordinates>-122.312638112764176,38.387039731423187,0</coordinates></Point>"
McVICAR WINERY,PRODMD,20000,20000,10/01/1995,1200,Yountville,"<Point><coordinates>-122.351669420371095,38.386918181035838,0</coordinates></Point>"
CHATEAU CHEVRE WINERY,UNKNWN,5000,5000,09/01/1979,2310,Yountville,"<Point><coordinates>-122.353130385532268,38.384987123199537,0</coordinates></Point>"
ELYSE WINERY,PROD,600,60000,09/01/1985,6650,Yountville,"<Point><coordinates>-122.354390812852458,38.383434910832065,0</coordinates></Point>"
ARDENTE ESTATE WINERY,PRODMD,8000,8000,09/01/2001,900,Atlas Peak,"<Point><coordinates>-122.2437035571064,38.382683998990743,0</coordinates></Point>"
JOEL GOTT WINES,PROD,35000,120000,10/01/1980,13490,Yountville,"<Point><coordinates>-122.353255613382231,38.382794474300226,0</coordinates></Point>"
COMBS BROTHERS CELLARS,UNKNWN,2000,10000,09/01/1986,900,Yountville,"<Point><coordinates>-122.353333143949172,38.380481151651338,0</coordinates></Point>"
WING CANYON VINEYARD,PROD,12500,12500,09/01/1992,0,Mount Veeder,"<Point><coordinates>-122.416576219651063,38.3804252352205,0</coordinates></Point>"
WHITE ROCK VINEYARDS,PROD,5000,20000,06/01/1987,6000,Napa Valley,"<Point><coordinates>-122.286651605371986,38.377902390948677,0</coordinates></Point>"
WINERY OF THE ROSES,UNKNWN,20000,20000,12/01/1982,4500,Napa Valley,"<Point><coordinates>-122.206453330498618,38.374231298741279,0</coordinates></Point>"
SKY VINEYARDS,PROD,4000,2377,09/01/1979,0,Mount Veeder,"<Point><coordinates>-122.448038149212152,38.364944225238496,0</coordinates></Point>"
SIGNORELLO WINERY,PROD,20000,20000,09/01/1987,2320,Napa Valley,"<Point><coordinates>-122.296198531650276,38.370862339093001,0</coordinates></Point>"
KATES VINEYARD,PROD,20000,20000,09/01/1988,1200,Oak Knoll District of Napa Valley,"<Point><coordinates>-122.319185959090902,38.371683531627291,0</coordinates></Point>"
DARIOUSH  WINERY,PROD,25000,100000,09/01/1989,21252,Napa Valley,"<Point><coordinates>-122.294406210464885,38.367587974500324,0</coordinates></Point>"
MAYACAMAS VINEYARDS,PROD,50000,5000,09/01/1944,0,Mount Veeder,"<Point><coordinates>-122.423465284195998,38.365205335503923,0</coordinates></Point>"
MONTICELLO CELLARS (CORLEY FAMILY),PROD,60000,100000,09/01/1980,11500,Oak Knoll District of Napa Valley,"<Point><coordinates>-122.305821727195834,38.361473718148943,0</coordinates></Point>"
SILENUS VINTNERS,PROD,12000,72000,09/01/1981,13740,Oak Knoll District of Napa Valley,"<Point><coordinates>-122.339042277475173,38.363796626342136,0</coordinates></Point>"
JARVIS VINEYARDS,PROD,40000,40000,10/01/1992,72148,Napa Valley,"<Point><coordinates>-122.213723223938544,38.357539506500721,0</coordinates></Point>"
MT  VEEDER WINERY,PROD,6000,20000,12/01/1972,3300,Mount Veeder,"<Point><coordinates>-122.401703490265206,38.360595992009088,0</coordinates></Point>"
BLACK STALLION,PROD,100000,100000,09/01/1985,43600,Oak Knoll District of Napa Valley,"<Point><coordinates>-122.291831008632826,38.359164598389789,0</coordinates></Point>"
ANDRETTI WINERY,PROD,20000,100000,12/01/1985,15500,Oak Knoll District of Napa Valley,"<Point><coordinates>-122.305189296246184,38.355878215684378,0</coordinates></Point>"
BEAU VIGNE WINERY,PRODMD,8000,8000,12/01/1984,1200,Oak Knoll District of Napa Valley,"<Point><coordinates>-122.290039852311125,38.357346522409884,0</coordinates></Point>"
WILLIAM HILL WINERY,PROD,335000,720000,09/01/1990,132490,Napa Valley,"<Point><coordinates>-122.270117701150255,38.355671473718594,0</coordinates></Point>"
DOMAINE MONTREAUX,PROD,10000,20000,11/01/1987,7956,Oak Knoll District of Napa Valley,"<Point><coordinates>-122.308490425997263,38.351946919115058,0</coordinates></Point>"
RAZI WINERY,PROD,20000,20000,09/01/1989,4600,Napa Valley,"<Point><coordinates>-122.283077671934961,38.349454934791623,0</coordinates></Point>"
SILVERADO HILL VINEYARD LLC,PROD,50000,200000,10/01/1979,27454,Oak Knoll District of Napa Valley,"<Point><coordinates>-122.285240880752653,38.34847790274646,0</coordinates></Point>"
SIMONE WINERY,UNKNWN,5000,5000,09/01/1990,3000,Oak Knoll District of Napa Valley,"<Point><coordinates>-122.336685667764954,38.346592882003812,0</coordinates></Point>"
OBRIEN FAMILY VINEYARD,PROD,20000,20000,12/01/1982,4200,Oak Knoll District of Napa Valley,"<Point><coordinates>-122.339908338525888,38.346049357280165,0</coordinates></Point>"
ASHES AND DIAMONDS,PROD,2000,100000,09/01/1989,38419,Oak Knoll District of Napa Valley,"<Point><coordinates>-122.324771020168015,38.344968505449152,0</coordinates></Point>"
LUNA VINEYARDS,PROD,50000,150000,09/01/1980,16480,Oak Knoll District of Napa Valley,"<Point><coordinates>-122.283496575584863,38.345174081142481,0</coordinates></Point>"
HESS COLLECTION WINERY,PROD,480000,1000000,09/01/1932,92369,Mount Veeder,"<Point><coordinates>-122.389453094817185,38.33835663584329,0</coordinates></Point>"
PHOENIX VINEYARDS,PROD,5000,5000,09/01/1991,2580,Oak Knoll District of Napa Valley,"<Point><coordinates>-122.350749221232959,38.338582606512432,0</coordinates></Point>"
ANTHEM WINERY AND VINEYARDS,PRODMD,30000,30000,10/01/1997,1680,Mount Veeder,"<Point><coordinates>-122.353101245746316,38.334207845907827,0</coordinates></Point>"
FRISINGER VINEYARDS,PROD,1000,20000,09/01/1986,6008,Oak Knoll District of Napa Valley,"<Point><coordinates>-122.345349850732276,38.330971922491457,0</coordinates></Point>"
DAVIANA WINERY,PROD,10000,20000,09/01/1985,6040,Coombsville,"<Point><coordinates>-122.234279849381664,38.321588142586734,0</coordinates></Point>"
SODARO WINERY,PROD,20000,20000,12/01/1983,4900,Coombsville,"<Point><coordinates>-122.23360445285995,38.313286287095671,0</coordinates></Point>"
FARELLA PARK VINEYARDS,PROD,8000,12500,12/01/1985,5200,Coombsville,"<Point><coordinates>-122.223593913912907,38.311765340419306,0</coordinates></Point>"
WHITFORD CELLARS,PROD,20000,20000,09/01/1983,5705,Coombsville,"<Point><coordinates>-122.235046583147025,38.297675393457325,0</coordinates></Point>"
TULOCAY WINERY,PROD,2400,7500,09/01/1976,1160,Coombsville,"<Point><coordinates>-122.258661098965916,38.297943709180572,0</coordinates></Point>"
STAR HILL WINERY,UNKNWN,1900,2090,12/01/1986,800,Coombsville,"<Point><coordinates>-122.219186737592679,38.295835187405025,0</coordinates></Point>"
GRIGGS WINERY,UNKNWN,2000,2000,09/01/1981,541,Coombsville,"<Point><coordinates>-122.241362588269027,38.295783817079098,0</coordinates></Point>"
TRUCHARD VINEYARDS,PROD,13000,60000,09/01/1990,10070,Los Carneros,"<Point><coordinates>-122.323082431504346,38.285652266647347,0</coordinates></Point>"
ARTESA WINERY,PROD,450000,900000,09/01/1991,121081,Los Carneros,"<Point><coordinates>-122.356240888732742,38.269134827983706,0</coordinates></Point>"
KIEU HOANG WINERY,PROD,35500,240000,09/01/1974,28965,Los Carneros,"<Point><coordinates>-122.347852092143853,38.268773620143406,0</coordinates></Point>"
DOMAINE CARNEROS,PROD,0,432000,09/01/1989,71426,Los Carneros,"<Point><coordinates>-122.351412344849336,38.255415050678202,0</coordinates></Point>"
MADONNA ESTATE - MONT ST  JOHN CELLARS,PROD,50000,50000,09/01/1983,15280,Los Carneros,"<Point><coordinates>-122.341261522931859,38.255812130769371,0</coordinates></Point>"
SAINTSBURY,PROD,60000,135000,08/01/1983,13150,Los Carneros,"<Point><coordinates>-122.325406509141814,38.250079272143466,0</coordinates></Point>"
ROBERT MONDAVI CARNEROS WINERY,PROD,0,340000,09/01/1993,19640,Los Carneros,"<Point><coordinates>-122.360525998569074,38.244767865706159,0</coordinates></Point>"
ETUDE WINERY,PRODMD,76000,150000,09/01/1983,40520,Los Carneros,"<Point><coordinates>-122.314086479357456,38.246140477857146,0</coordinates></Point>"
KENT RASSMUSSEN WINERY CARNEROS ESTATES,PROD,1200,100000,12/01/1986,17162,Los Carneros,"<Point><coordinates>-122.312736467952362,38.239177848198665,0</coordinates></Point>"
MCKENZIE MUELLER WINERY,PROD,20000,96000,03/03/1990,24623,Los Carneros,"<Point><coordinates>-122.332230911458865,38.23195825314717,0</coordinates></Point>"
LIANA ESTATES WINERY,PROD,50000,250000,09/01/1982,34511,Los Carneros,"<Point><coordinates>-122.348961100769301,38.230808382882756,0</coordinates></Point>"
BOUCHAINE VINEYARDS,PROD,225000,225000,08/03/1985,39588,Los Carneros,"<Point><coordinates>-122.331230612558016,38.226425095968303,0</coordinates></Point>"
REATA WINERY,PROD,200000,800000,08/01/1998,56215,Napa Valley,"<Point><coordinates>-122.227557827186516,38.21954721704293,0</coordinates></Point>"
FREEMARK ABBEY,PROD,60000,60000,09/01/1967,30232,St Helena,"<Point><coordinates>-122.496484370247458,38.52551973643218,0</coordinates></Point>"
TREFETHEN VINEYARDS,PROD,160000,500000,09/01/1973,52500,Oak Knoll District of Napa Valley,"<Point><coordinates>-122.332289858970796,38.36032415847076,0</coordinates></Point>"
CAKEBREAD CELLARS,PROD,250000,500000,09/01/1979,61173,Rutherford,"<Point><coordinates>-122.411414751114393,38.448017245391355,0</coordinates></Point>"
CASTELLO DI AMOROSA,PROD,250000,250000,03/01/2004,149460,Diamond Mountain District,"<Point><coordinates>-122.542069106398003,38.558458966245453,0</coordinates></Point>"
ALTAMURA WINERY,PROD,50000,50000,10/28/1996,14915,Napa Valley,"<Point><coordinates>-122.180178252391727,38.359502194399901,0</coordinates></Point>"
DIAMOND MOUNTAIN WINERY,PROD,10000,10000,07/09/1996,2948,Diamond Mountain District,"<Point><coordinates>-122.577790846465319,38.548547347561133,0</coordinates></Point>"
MEADOWOOD LANE WINERY,PROD,5000,48000,09/01/2006,24520,St Helena,"<Point><coordinates>-122.45551436652535,38.517175807922634,0</coordinates></Point>"
HAGAFEN CELLARS,PROD,50000,50000,09/01/2003,6800,Napa Valley,"<Point><coordinates>-122.289466165197226,38.364713631487902,0</coordinates></Point>"
CORISON WINERY,PROD,20000,20000,09/01/2005,9480,St Helena,"<Point><coordinates>-122.447429029689189,38.48510649903519,0</coordinates></Point>"
MAXVILLE LAKE WINERY,PROD,59000,59000,09/01/2003,38657,Chiles Valley District,"<Point><coordinates>-122.374687887213526,38.557801788148943,0</coordinates></Point>"
MARTIN ESTATE,PROD,20000,20000,09/01/2003,5420,Rutherford,"<Point><coordinates>-122.397938417628495,38.47452273074056,0</coordinates></Point>"
KULETO VILLA VINEYARDS,PROD,75000,75000,09/01/2000,18299,Napa Valley,"<Point><coordinates>-122.324434104697986,38.498362320390932,0</coordinates></Point>"
LAIRD FAMILY ESTATES,PROD,450000,900000,09/01/2001,147356,Oak Knoll District of Napa Valley,"<Point><coordinates>-122.336604745870076,38.353580909880272,0</coordinates></Point>"
HENDRY RANCH WINERY,PRODMD,59000,59000,09/01/2005,23000,Oak Knoll District of Napa Valley,"<Point><coordinates>-122.342461815650083,38.320280096898635,0</coordinates></Point>"
YOUNG WINERY,PROD,20000,20000,07/01/1999,8384,Napa Valley,"<Point><coordinates>-122.474110246106846,38.652330476592596,0</coordinates></Point>"
BARREL TEN QUARTER CIRCLE,PROD,44500000,44500000,09/01/2003,96200,Napa Valley,"<Point><coordinates>-122.271627776316649,38.220734007777118,0</coordinates></Point>"
ROBERT CRAIG WINERY,PROD,20000,25000,09/01/2005,12600,Howell Mountain,"<Point><coordinates>-122.468152719027145,38.598432400662233,0</coordinates></Point>"
SMITH FAMILY WINERY,PROD,7500,7500,09/01/2001,1500,Spring Mountain District,"<Point><coordinates>-122.537810184561309,38.503952157907499,0</coordinates></Point>"
ELAN VINEYARDS,PROD,15000,15000,09/01/2000,3040,Atlas Peak,"<Point><coordinates>-122.248039861424829,38.445674179126129,0</coordinates></Point>"
BURGESS NAPA CELLARS,PROD,75000,75000,09/01/2001,14500,Oak Knoll District of Napa Valley,"<Point><coordinates>-122.349605335235253,38.374141896663708,0</coordinates></Point>"
DEL DOTTO WINERY,PRODMD,10000,20000,09/01/2004,9786,Napa Valley,"<Point><coordinates>-122.263146547944032,38.33964176633156,0</coordinates></Point>"
NICKEL AND NICKEL WINERY,PROD,125000,125000,09/01/2006,62565,Oakville,"<Point><coordinates>-122.407064006939123,38.44279023649068,0</coordinates></Point>"
PALOMA VINEYARD,PROD,10000,10000,09/01/2002,3613,Spring Mountain District,"<Point><coordinates>-122.54907081440146,38.522475064198623,0</coordinates></Point>"
AMICI CELLARS,PROD,20000,20000,09/01/2002,5000,Calistoga,"<Point><coordinates>-122.595381445110746,38.611844667445474,0</coordinates></Point>"
NEAL WINERY,PROD,25000,35000,09/01/2001,15282,Howell Mountain,"<Point><coordinates>-122.463131728317109,38.574308810266025,0</coordinates></Point>"
O'SHAUGHNESSY WINERY,PROD,15000,15000,09/01/2005,18491,Howell Mountain,"<Point><coordinates>-122.474802466519989,38.587210009737035,0</coordinates></Point>"
COLGIN PARTNERS WINERY,PROD,20000,20000,09/01/2004,18686,Napa Valley,"<Point><coordinates>-122.348542527597743,38.471369939881001,0</coordinates></Point>"
ITALICS WINERY,PROD,50000,50000,09/01/2005,32380,Coombsville,"<Point><coordinates>-122.249433808441609,38.314522412343969,0</coordinates></Point>"
REYNOLDS WINERY,PRODMD,20000,20000,09/01/2004,7800,Napa Valley,"<Point><coordinates>-122.285748971579039,38.355737798898652,0</coordinates></Point>"
TEACHWORTH WINERY,PROD,5000,5000,11/14/2001,800,Diamond Mountain District,"<Point><coordinates>-122.557657288718644,38.558948320616736,0</coordinates></Point>"
KATHRYN HALL WINERY,PROD,18000,18000,09/01/2006,17840,Napa Valley,"<Point><coordinates>-122.402330011622936,38.496286897719926,0</coordinates></Point>"
PARADUXX VINEYARDS,PROD,156000,200000,09/01/2006,32909,Yountville,"<Point><coordinates>-122.351454500796478,38.437175902194952,0</coordinates></Point>"
EDGE HILL ESTATE WINERY,PROD,24000,24000,09/05/2001,18450,St Helena,"<Point><coordinates>-122.474657894131198,38.485204592223361,0</coordinates></Point>"
OLNEY FAMILY WINERY,PROD,25000,25000,09/01/2004,34237,Oak Knoll District of Napa Valley,"<Point><coordinates>-122.343442510941273,38.330636231302023,0</coordinates></Point>"
BROWN ESTATE VINEYARDS,PROD,50000,50000,09/01/2003,8704,Chiles Valley District,"<Point><coordinates>-122.276796530243146,38.504890744737828,0</coordinates></Point>"
JERICHO CANYON WINERY,PROD,20000,20000,09/01/2007,11260,Calistoga,"<Point><coordinates>-122.593965219515681,38.621360993323698,0</coordinates></Point>"
HERMAN WINERY,APVD,50000,24000,,15550,Oak Knoll District of Napa Valley,"<Point><coordinates>-122.287908387960272,38.331706615556755,0</coordinates></Point>"
ALLORA WINERY,PROD,12000,12000,09/01/2008,2000,St Helena,"<Point><coordinates>-122.493689494930308,38.535887113836992,0</coordinates></Point>"
SNOWDEN VINEYARDS,UNKNWN,30000,30000,,26925,Napa Valley,"<Point><coordinates>-122.404760580833795,38.498758797692744,0</coordinates></Point>"
MERUS WINES,PROD,20000,20000,09/01/2005,11527,St Helena,"<Point><coordinates>-122.48376330998606,38.552722116936131,0</coordinates></Point>"
NAPA VALLEY RESERVE,PROD,48000,48000,09/01/2005,68130,St Helena,"<Point><coordinates>-122.46253098841143,38.51840998628596,0</coordinates></Point>"
VINEYARD 7 AND 8,PROD,19200,19200,10/30/2006,14313,Spring Mountain District,"<Point><coordinates>-122.552501088007347,38.525981264041683,0</coordinates></Point>"
PALLADIAN ESTATE,PROD,5000,5000,09/01/2003,2470,St Helena,"<Point><coordinates>-122.459035520439272,38.519304129239991,0</coordinates></Point>"
REVANA WINERY,PROD,15000,15000,09/01/2005,6624,St Helena,"<Point><coordinates>-122.492604043893394,38.521102531942518,0</coordinates></Point>"
GARGIULO WINERY,PROD,20000,20000,11/06/2006,4420,Oakville,"<Point><coordinates>-122.367219650238397,38.454144115055698,0</coordinates></Point>"
DAVIS ESTATES,PRODMD,30000,30000,09/01/2003,41890,Calistoga,"<Point><coordinates>-122.51420771031259,38.570036302672079,0</coordinates></Point>"
DEL DOTTO FAMILY WINERY,PROD,48000,48000,09/01/2008,19363,Rutherford,"<Point><coordinates>-122.442126583400366,38.479579897532936,0</coordinates></Point>"
DANCING HARES VINEYARD,PROD,15000,15000,09/01/2010,8971,Napa Valley,"<Point><coordinates>-122.491598137141921,38.55698121582445,0</coordinates></Point>"
ELEVEN ELEVEN WINES,PROD,100000,100000,09/01/2010,24200,Oak Knoll District of Napa Valley,"<Point><coordinates>-122.287975244877103,38.326230593708345,0</coordinates></Point>"
HDV,PROD,20000,20000,09/01/2004,5100,Oak Knoll District of Napa Valley,"<Point><coordinates>-122.283312294731999,38.326170024518788,0</coordinates></Point>"
PALMAZ WINERY,PROD,35000,35000,11/12/2002,55000,Coombsville,"<Point><coordinates>-122.224504642454164,38.32361219578403,0</coordinates></Point>"
STAGLIN WINERY,PROD,24000,36000,09/01/2001,56591,Rutherford,"<Point><coordinates>-122.428985587238657,38.441836184512162,0</coordinates></Point>"
PEJU,PROD,20000,20000,09/01/2004,12800,Napa Valley,"<Point><coordinates>-122.253689730558946,38.22691754817285,0</coordinates></Point>"
BOESCHEN WINERY,PROD,20000,10000,08/15/2006,6360,St Helena,"<Point><coordinates>-122.486736148370497,38.538219006973392,0</coordinates></Point>"
HOWELL AT THE MOON WINERY,PROD,20000,20000,06/29/2006,2495,Howell Mountain,"<Point><coordinates>-122.429705422559664,38.556811244991131,0</coordinates></Point>"
ABREU HOWELL MTN VINEYARDS,APVD,20000,20000,,18344,Howell Mountain,"<Point><coordinates>-122.431238907972514,38.567328698275318,0</coordinates></Point>"
PORTER VINEYARDS,PROD,12000,12000,09/01/2007,24000,Coombsville,"<Point><coordinates>-122.224523013481488,38.282472260374846,0</coordinates></Point>"
BRYANT FAMILY WINERY,PROD,8500,8500,11/21/2002,17293,Napa Valley,"<Point><coordinates>-122.339167370759796,38.484673126168296,0</coordinates></Point>"
W H SMITH WINES,PROD,20000,20000,09/01/2004,5528,Howell Mountain,"<Point><coordinates>-122.409327857258702,38.545210556810346,0</coordinates></Point>"
CAVUS VINEYARDS,PROD,2500,2500,09/01/2004,1650,Stags Leap District,"<Point><coordinates>-122.318479659480886,38.408635281397046,0</coordinates></Point>"
CELANI FAMILY VINEYARDS,PROD,10000,10000,09/01/2003,2150,Oak Knoll District of Napa Valley,"<Point><coordinates>-122.291055375521935,38.335318355978231,0</coordinates></Point>"
PAHLMEYER WINERY,APVD,100000,100000,,56057,Atlas Peak,"<Point><coordinates>-122.216150638734874,38.390325747859158,0</coordinates></Point>"
ROY ESTATE VINEYARDS,APVD,12000,12000,,17025,Napa Valley,"<Point><coordinates>-122.279548295010869,38.366125272107475,0</coordinates></Point>"
BRANDLIN / CUVAISON CARNEROS,PRODMD,34000,155048,11/12/2004,60000,Los Carneros,"<Point><coordinates>-122.347303448155003,38.250593571793615,0</coordinates></Point>"
PHELAN WINERY,PROD,4800,4800,09/01/2004,2880,Napa Valley,"<Point><coordinates>-122.225620442893657,38.34618500590674,0</coordinates></Point>"
ARKENSTONE VINEYARDS,PROD,48000,60000,09/01/2008,40528,Howell Mountain,"<Point><coordinates>-122.464584813523345,38.564691125204455,0</coordinates></Point>"
MADRIGAL VINEYARDS,PROD,36000,36000,09/01/2008,7617,Calistoga,"<Point><coordinates>-122.520915793330374,38.553506446267413,0</coordinates></Point>"
PALISADES WINERY,APVD,120000,120000,,38646,Napa Valley,"<Point><coordinates>-122.455383233984691,38.647769470129973,0</coordinates></Point>"
TWO ROCKS WINERY,PROD,50000,50000,,27632,Napa Valley,"<Point><coordinates>-122.36367996842958,38.46668582514544,0</coordinates></Point>"
ARROYO CREEK VINEYARDS,APVD,125000,125000,,30474,Napa Valley,"<Point><coordinates>-122.256955162574997,38.25953563058011,0</coordinates></Point>"
BLANKIET WINERY,PROD,12000,12000,10/08/2007,17681,Yountville,"<Point><coordinates>-122.383843614735881,38.400656255829212,0</coordinates></Point>"
AZALEA SPRINGS WINERY,UNKNWN,12500,12500,,11607,Diamond Mountain District,"<Point><coordinates>-122.550005701782879,38.561529548728586,0</coordinates></Point>"
ANNAPURNA WINERY,UNKNWN,12000,12000,,16950,Stags Leap District,"<Point><coordinates>-122.342704936532286,38.417924586642762,0</coordinates></Point>"
LAIL VINEYARDS,APVD,12000,12000,,17800,Howell Mountain,"<Point><coordinates>-122.463955992020018,38.569187227916558,0</coordinates></Point>"
STEPHENS WINERY,UNKNWN,12000,12000,,13516,St Helena,"<Point><coordinates>-122.440096762962384,38.509105077615843,0</coordinates></Point>"
NEMEREVER WINERY,PROD,10000,10000,07/11/2013,7448,Oakville,"<Point><coordinates>-122.375436396815843,38.448637397354581,0</coordinates></Point>"
ADAMVS,PROD,20000,20000,09/01/2006,20509,Howell Mountain,"<Point><coordinates>-122.45375854832092,38.584226598855253,0</coordinates></Point>"
JAMES COLE WINERY,PROD,10000,10000,09/01/2004,3333,Napa Valley,"<Point><coordinates>-122.299136211090811,38.37077854723163,0</coordinates></Point>"
KEEVER WINERY,PROD,10000,10000,09/01/2006,10274,Yountville,"<Point><coordinates>-122.364857400702434,38.384409131508235,0</coordinates></Point>"
VIOLET VINEYARD,UNKNWN,20000,20000,,5666,Oak Knoll District of Napa Valley,"<Point><coordinates>-122.318609154102703,38.361708792557721,0</coordinates></Point>"
ROBERT BIALI VINEYARDS,PROD,40000,40000,09/01/2006,19706,Oak Knoll District of Napa Valley,"<Point><coordinates>-122.301126639264467,38.350450148055032,0</coordinates></Point>"
WILLIAM COLE WINERY,PROD,20000,20000,09/01/2004,9040,St Helena,"<Point><coordinates>-122.490503471864187,38.517980231802781,0</coordinates></Point>"
"ALKO RANCH, LLC",PROD,100000,100000,09/01/2007,32107,Napa Valley,"<Point><coordinates>-122.400301798610201,38.602672510708771,0</coordinates></Point>"
JUDD'S HILL WINERY,PROD,30000,30000,08/11/2005,7108,Napa Valley,"<Point><coordinates>-122.279772018948492,38.339429574380475,0</coordinates></Point>"
COQUEREL FAMILY WINERY,APVD,75000,75000,,12741,Calistoga,"<Point><coordinates>-122.608554351155561,38.593601442079361,0</coordinates></Point>"
SHIFFLETT ESTATE WINERY,PROD,40000,40000,09/01/2007,3000,Oak Knoll District of Napa Valley,"<Point><coordinates>-122.350116329878375,38.360260580475639,0</coordinates></Point>"
ALTAMURA VINEYARDS,APVD,250000,250000,,30232,Napa Valley,"<Point><coordinates>-122.178071814855684,38.364574616219379,0</coordinates></Point>"
MASKED MAN WINERY,UNKNWN,8000,8000,,3040,St Helena,"<Point><coordinates>-122.50097183497067,38.557375097746743,0</coordinates></Point>"
LAGIER MEREDITH WINERY,APVD,5000,5000,,5710,Mount Veeder,"<Point><coordinates>-122.387849219700541,38.366061045998251,0</coordinates></Point>"
KENZO WINERY,PRODMD,85000,85000,09/01/2010,54465,Napa Valley,"<Point><coordinates>-122.201806583693255,38.339942413248735,0</coordinates></Point>"
MT. VEEDER SPRINGS WINERY,UNKNWN,10000,10000,09/01/2008,2860,Mount Veeder,"<Point><coordinates>-122.368379047084019,38.305305781993852,0</coordinates></Point>"
CLARK CLAUDON VINEYARD,UNKNWN,20000,20000,,10377,Napa Valley,"<Point><coordinates>-122.444982297810341,38.617971504642163,0</coordinates></Point>"
SEVEN STONES WINERY,PROD,1000,1900,09/01/2005,2062,Napa Valley,"<Point><coordinates>-122.456264582309416,38.522654093383586,0</coordinates></Point>"
BRAVANTE WINERY,PROD,20000,20000,09/01/2008,10400,Howell Mountain,"<Point><coordinates>-122.46316573003611,38.567347927908813,0</coordinates></Point>"
ROUND POND WINERY,PROD,20000,100000,11/09/2005,33755,Rutherford,"<Point><coordinates>-122.402747015618857,38.463987229734641,0</coordinates></Point>"
TWO SISTERS WINERY,UNKNWN,15000,15000,09/01/2012,9040,Calistoga,"<Point><coordinates>-122.61094367183648,38.596903781346725,0</coordinates></Point>"
VIN ROC WINERY,PROD,18000,18000,,4000,Atlas Peak,"<Point><coordinates>-122.249926411459214,38.427070694529,0</coordinates></Point>"
CHATEAU 15 WINERY,APVD,20000,20000,,14166,Coombsville,"<Point><coordinates>-122.247838683317909,38.307260453182671,0</coordinates></Point>"
PILLAR ROCK WINERY,UNKNWN,16000,16000,,13313,Stags Leap District,"<Point><coordinates>-122.330357597520177,38.414931964121187,0</coordinates></Point>"
OVID VINEYARDS,PROD,18000,18000,09/01/2007,12363,Napa Valley,"<Point><coordinates>-122.343987635071088,38.461420586078383,0</coordinates></Point>"
EHREN JORDAN WINE CELLARS,PROD,25000,25000,09/01/2005,28276,St Helena,"<Point><coordinates>-122.489732709708974,38.54914854098233,0</coordinates></Point>"
LARKMEAD VINEYARDS,PROD,36000,75000,09/01/2006,18047,Calistoga,"<Point><coordinates>-122.524462338161783,38.558681810787455,0</coordinates></Point>"
CORBETT VINEYARDS,UNKNWN,30000,30000,,12243,St Helena,"<Point><coordinates>-122.483795467901459,38.48529781393966,0</coordinates></Point>"
FUTO WINERY,PROD,5000,10000,09/01/2010,14302,Oakville,"<Point><coordinates>-122.41259991530579,38.416253463202075,0</coordinates></Point>"
CALDWELL WINERY,PRODMD,25000,25000,05/05/2011,18438,Coombsville,"<Point><coordinates>-122.228429683906612,38.281334131165664,0</coordinates></Point>"
RENTERIA WINERY,APVD,18000,18000,,24897,Mount Veeder,"<Point><coordinates>-122.374571929161903,38.311074427038385,0</coordinates></Point>"
LINDSTROM WINERY,APVD,3500,3500,,5750,Stags Leap District,"<Point><coordinates>-122.327541216005841,38.406611916422641,0</coordinates></Point>"
MALDONADO WINERY,PROD,15000,15000,09/09/2010,6492,Calistoga,"<Point><coordinates>-122.592108488121738,38.609166805997774,0</coordinates></Point>"
WOODBRIDGE WINERY,PROD,19000,19000,08/03/2006,10985,St Helena,"<Point><coordinates>-122.480536119581046,38.544252986511729,0</coordinates></Point>"
SAGE VINEYARDS,UNKNWN,15000,15000,,10797,Mount Veeder,"<Point><coordinates>-122.425934845737729,38.370071005428407,0</coordinates></Point>"
PERATA WINERY,PROD,20000,20000,11/08/2006,4780,Yountville,"<Point><coordinates>-122.3551253978886,38.435221176848358,0</coordinates></Point>"
QUINTESSA WINERY,PROD,180000,180000,09/01/2002,47430,Rutherford,"<Point><coordinates>-122.410402935729849,38.487124374060294,0</coordinates></Point>"
RIPE PEAK WINERY,PROD,1500,1500,09/01/2006,2005,Atlas Peak,"<Point><coordinates>-122.242887910279052,38.430328456038943,0</coordinates></Point>"
BEAUCANON ESTATE,PROD,70000,70000,04/14/1986,2805,Napa Valley,"<Point><coordinates>-122.272626967144504,38.328524019151018,0</coordinates></Point>"
ROCKY RIDGE WINERY,APVD,35000,35000,,34880,Howell Mountain,"<Point><coordinates>-122.429358820375555,38.568861821839462,0</coordinates></Point>"
KONGSGAARD WINERY,PROD,12000,12000,06/23/2010,7700,Atlas Peak,"<Point><coordinates>-122.247495209082587,38.436465141417244,0</coordinates></Point>"
V MADRONE WINERY,PROD,20000,20000,09/01/2008,6461,St Helena,"<Point><coordinates>-122.505573050762806,38.530519124468462,0</coordinates></Point>"
FANTESCA ESTATE,PROD,20000,30000,09/01/2002,11600,Spring Mountain District,"<Point><coordinates>-122.495281561503774,38.512692227057997,0</coordinates></Point>"
KAPCSANDY WINERY,PROD,20000,20000,09/01/2003,11820,Yountville,"<Point><coordinates>-122.348593948459481,38.422944912634449,0</coordinates></Point>"
TOM EDDY WINERY,PROD,48000,48000,08/14/2012,31637,Calistoga,"<Point><coordinates>-122.641378896518987,38.604960913790919,0</coordinates></Point>"
ENTRE NOUS,PROD,2500,2500,10/15/2007,1529,Oakville,"<Point><coordinates>-122.39117167602987,38.433705255854427,0</coordinates></Point>"
SUSCOL CREEK WINERY,APVD,200000,600000,,73838,Napa Valley,"<Point><coordinates>-122.274646835048813,38.239936180928694,0</coordinates></Point>"
CHECKERBOARD VINEYARDS,PROD,15000,15000,09/01/2007,27498,Diamond Mountain District,"<Point><coordinates>-122.554925823226498,38.551322305468851,0</coordinates></Point>"
EEDEN VINEYARDS,PROD,15000,15000,09/01/2009,3398,Spring Mountain District,"<Point><coordinates>-122.521992901557894,38.517925538599194,0</coordinates></Point>"
CADE WINERY,PROD,30000,30000,09/01/2007,26493,Howell Mountain,"<Point><coordinates>-122.448439806718739,38.560766302873482,0</coordinates></Point>"
NAPA HARVEST WINERY,APVD,36000,36000,,12560,Napa Valley,"<Point><coordinates>-122.20418761304127,38.377298178140094,0</coordinates></Point>"
THE VINEYARDIST,APVD,20000,20000,,13200,Diamond Mountain District,"<Point><coordinates>-122.614563801852853,38.574156345073149,0</coordinates></Point>"
FONTANELLA WINERY,PROD,30000,30000,09/01/2008,7569,Mount Veeder,"<Point><coordinates>-122.37309252461246,38.312559557495895,0</coordinates></Point>"
BROMAN CELLARS,APVD,20000,20000,,8023,Napa Valley,"<Point><coordinates>-122.468813268337527,38.549437050338312,0</coordinates></Point>"
HOURGLASS WINERY,PROD,30000,30000,09/01/2008,15100,Calistoga,"<Point><coordinates>-122.516086684692766,38.580071351685483,0</coordinates></Point>"
KELLY FLEMING WINES,PROD,12000,12000,09/01/2010,13305,Calistoga,"<Point><coordinates>-122.551168198476361,38.592747590747592,0</coordinates></Point>"
THE CAVES AT SODA CANYON,PROD,30000,30000,09/05/2013,16000,Napa Valley,"<Point><coordinates>-122.302682124245749,38.402039908056651,0</coordinates></Point>"
HILLVIEW VINEYARD,APVD,30000,30000,,7700,Oak Knoll District of Napa Valley,"<Point><coordinates>-122.34259007605641,38.369631505450378,0</coordinates></Point>"
B CELLARS,PROD,10000,45000,09/01/2014,44498,Oakville,"<Point><coordinates>-122.373785231357672,38.449696738751378,0</coordinates></Point>"
MORLET FAMILY ESTATE,PROD,20000,20000,09/01/2012,9121,St Helena,"<Point><coordinates>-122.490179787336402,38.517609562706873,0</coordinates></Point>"
GRIFFIN WINERY,APVD,2400,2400,,1275,Stags Leap District,"<Point><coordinates>-122.318601579353597,38.406314832058463,0</coordinates></Point>"
LIEFF WINERY,APVD,3000,3000,,3200,Napa Valley,"<Point><coordinates>-122.407854767207382,38.495535303491181,0</coordinates></Point>"
GANDONA WINERY,PROD,6000,20000,09/01/2009,8921,Napa Valley,"<Point><coordinates>-122.342913315652822,38.478019570163056,0</coordinates></Point>"
ROBINSON FAMILY VINEYARDS,PROD,15000,15000,09/01/2003,3186,Stags Leap District,"<Point><coordinates>-122.320760868796626,38.411555855411052,0</coordinates></Point>"
"CALLA LILY ESTATE AND 
WINERY",PROD,16000,16000,09/01/2010,7630,Napa Valley,"<Point><coordinates>-122.448208241056335,38.624892318671229,0</coordinates></Point>"
NORMAN ALUMBAUGH WINERY,APVD,50000,50000,,21052,Napa Valley,"<Point><coordinates>-122.395910222071393,38.612748447391034,0</coordinates></Point>"
GRIEVE FAMILY WINERY,APVD,15000,15000,,14115,Napa Valley,"<Point><coordinates>-122.395894384468264,38.292475789430256,0</coordinates></Point>"
PHIFER PAVITT FAMILY VINEYARDS,PROD,10000,10000,09/01/2011,3360,Calistoga,"<Point><coordinates>-122.553252155100225,38.577763378781881,0</coordinates></Point>"
ROBERT FOLEY VINEYARDS,PROD,30000,30000,09/01/2008,14110,Howell Mountain,"<Point><coordinates>-122.453254514905552,38.598358182444365,0</coordinates></Point>"
V-12 WINERY,APVD,36000,22500,,8800,Napa Valley,"<Point><coordinates>-122.29107640608575,38.391132308347771,0</coordinates></Point>"
VINEYARD 29,PROD,48500,48500,09/01/2002,31842,St Helena,"<Point><coordinates>-122.495922914103929,38.519611077701164,0</coordinates></Point>"
SOMERSTON WINERY,PROD,150000,150000,08/01/2010,52522,Napa Valley,"<Point><coordinates>-122.267472175787205,38.519342373250502,0</coordinates></Point>"
CIMAROSSA WINERY,APVD,10000,10000,,8375,Howell Mountain,"<Point><coordinates>-122.472730878544127,38.588001383252859,0</coordinates></Point>"
MATERRA WINERY,PROD,50000,85000,,26118,Oak Knoll District of Napa Valley,"<Point><coordinates>-122.309906479915583,38.362068645310593,0</coordinates></Point>"
GATEWAY WINERY,APVD,600000,600000,,261000,Napa Valley,"<Point><coordinates>-122.271208453633406,38.226950654753949,0</coordinates></Point>"
ROMBAUER VINEYARDS AIRPARK 1,PROD,0,880000,09/27/2010,91759,Napa Valley,"<Point><coordinates>-122.270765345511336,38.219220854131343,0</coordinates></Point>"
SPELLETICH WINERY,PROD,60000,60000,04/21/2009,7300,Napa Valley,"<Point><coordinates>-122.265831097411692,38.224513139486028,0</coordinates></Point>"
BIN TO BOTTLE,PROD,310000,310000,01/01/2008,13000,Napa Valley,"<Point><coordinates>-122.255751386106454,38.229151425466839,0</coordinates></Point>"
GAMBLE FAMILY VINEYARDS,PROD,50000,50000,09/25/2013,32760,Oakville,"<Point><coordinates>-122.387077372967298,38.428602717075528,0</coordinates></Point>"
VENGE VINEYARDS,PROD,20000,20000,09/01/2010,28298,Calistoga,"<Point><coordinates>-122.552661986309118,38.582279678219294,0</coordinates></Point>"
CARVER SUTRO WINERY,APVD,20000,20000,,9965,Calistoga,"<Point><coordinates>-122.584756113989414,38.606077823095433,0</coordinates></Point>"
BOURASSA WINERY,PROD,60000,60000,09/01/2010,9604,Napa Valley,"<Point><coordinates>-122.254114279807681,38.227760767419689,0</coordinates></Point>"
DAVID BUSBY WINERY,APVD,50000,50000,,18162,Napa Valley,"<Point><coordinates>-122.271160582849205,38.226177709204663,0</coordinates></Point>"
MANSFIELD WINERY,APVD,20000,20000,,15688,Napa Valley,"<Point><coordinates>-122.401002656941472,38.506202556372919,0</coordinates></Point>"
HUNNICUTT WINERY,PROD,60000,60000,09/01/2009,25337,St Helena,"<Point><coordinates>-122.488134782638042,38.547467010946114,0</coordinates></Point>"
FISHER WINERY,APVD,30000,30000,05/19/2010,16200,Calistoga,"<Point><coordinates>-122.559770567484833,38.573718956867033,0</coordinates></Point>"
ENVY WINES,PROD,20000,20000,09/01/2005,7242,Calistoga,"<Point><coordinates>-122.601926296050038,38.591947820912438,0</coordinates></Point>"
MARCIANO WINERY,PROD,20000,20000,03/25/2013,10675,St Helena,"<Point><coordinates>-122.469675201377157,38.483426872580985,0</coordinates></Point>"
KITCHAK WINERY,PROD,5000,15000,09/01/2011,6020,Napa Valley,"<Point><coordinates>-122.279671881358823,38.348267937071142,0</coordinates></Point>"
JOSEPH CELLARS,PROD,30000,30000,08/26/2013,20739,Calistoga,"<Point><coordinates>-122.563589423513605,38.564208254344905,0</coordinates></Point>"
WALLIS FAMILY ESTATE,APVD,30000,30000,,11711,Diamond Mountain District,"<Point><coordinates>-122.579175917232206,38.56385939592063,0</coordinates></Point>"
BLOSSOM CREEK,APVD,25000,25000,,5639,Calistoga,"<Point><coordinates>-122.626249530223106,38.598758947259149,0</coordinates></Point>"
SHUTTERS WINERY,APVD,50000,50000,,20634,Calistoga,"<Point><coordinates>-122.506180876295403,38.584377331016981,0</coordinates></Point>"
ROCCA FAMILY WINERY,APVD,20000,20000,,11770,Napa Valley,"<Point><coordinates>-122.269797588686686,38.238192169098781,0</coordinates></Point>"
LAST RESORT WINERY,APVD,50000,50000,,9839,Napa Valley,"<Point><coordinates>-122.482697995532718,38.655218158196242,0</coordinates></Point>"
HYDE WINERY,APVD,30000,30000,,12552,Los Carneros,"<Point><coordinates>-122.329774639469719,38.253558469116683,0</coordinates></Point>"
RELIC WINERY,PROD,20000,20000,08/19/2015,11099,Napa Valley,"<Point><coordinates>-122.292286785896934,38.411629814189581,0</coordinates></Point>"
YOUNG INGLEWOOD VINEYARDS,PROD,30000,30000,04/01/2013,10575,St Helena,"<Point><coordinates>-122.455393774379033,38.482994389522368,0</coordinates></Point>"
CEJA VINEYARDS,PROD,45000,45000,09/01/2011,31758,Los Carneros,"<Point><coordinates>-122.314547032219011,38.23608362327235,0</coordinates></Point>"
VINEYARD 22,APVD,10000,10000,,11615,Napa Valley,"<Point><coordinates>-122.470498307743853,38.558406505557805,0</coordinates></Point>"
CONTINUUM WINERY,PROD,6600,28000,09/01/2002,49777,Napa Valley,"<Point><coordinates>-122.32728123967992,38.466599542854524,0</coordinates></Point>"
GAMBLE WINERY,UNKNWN,12000,12000,,7400,Yountville,"<Point><coordinates>-122.373180159767017,38.42517475578169,0</coordinates></Point>"
SWANSON WINERY,APVD,100000,100000,,46100,Oakville,"<Point><coordinates>-122.386606544919303,38.446535318984395,0</coordinates></Point>"
EAGLE EYE WINERY,APVD,30000,30000,,8800,Napa Valley,"<Point><coordinates>-122.125431487995741,38.340488746426701,0</coordinates></Point>"
LODESTONE VINEYARDS,APVD,20000,20000,,15302,Napa Valley,"<Point><coordinates>-122.349789324236482,38.467959634280092,0</coordinates></Point>"
BRAND NAPA VALLEY,PROD,10000,10000,09/25/2012,16668,Napa Valley,"<Point><coordinates>-122.357973268793401,38.470806317106515,0</coordinates></Point>"
BURGESS CELLARS,PROD,40000,60000,09/01/1943,17092,Napa Valley,"<Point><coordinates>-122.474887354011287,38.557107270481715,0</coordinates></Point>"
CAIRDEAN WINERY,PROD,50000,50000,08/26/2014,40870,St Helena,"<Point><coordinates>-122.502634999538699,38.528324015153885,0</coordinates></Point>"
H and L WINERY,APVD,30000,30000,,5000,Oak Knoll District of Napa Valley,"<Point><coordinates>-122.318788002161668,38.363654701583691,0</coordinates></Point>"
RANG DONG WINERY,PROD,160000,600000,09/01/1988,70418,Napa Valley,"<Point><coordinates>-122.256891685049922,38.224445385326653,0</coordinates></Point>"
PRIDE MOUNTAIN VINEYARDS,PROD,50000,50000,02/14/2001,19400,Spring Mountain District,"<Point><coordinates>-122.563555586330438,38.526399466505239,0</coordinates></Point>"
HARLAN ESTATE I,PROD,20000,20000,10/01/1999,10797,Oakville,"<Point><coordinates>-122.408502085004883,38.415407750560583,0</coordinates></Point>"
CHATEAU LANE WINERY,PROD,30000,30000,09/30/2013,10548,Coombsville,"<Point><coordinates>-122.248279618220764,38.3089838553609,0</coordinates></Point>"
SHACKFORD WINERY,PROD,10000,10000,,2210,Napa Valley,"<Point><coordinates>-122.279834720325979,38.340013251151959,0</coordinates></Point>"
SODHANI WINERY,APVD,12000,12000,,7150,Spring Mountain District,"<Point><coordinates>-122.509375528810054,38.535499144345501,0</coordinates></Point>"
ACCENDO CELLARS,APVD,50000,50000,,25242,St Helena,"<Point><coordinates>-122.437485221240649,38.487011455179967,0</coordinates></Point>"
ROGERS WINERY,APVD,30000,30000,,4998,Napa Valley,"<Point><coordinates>-122.416008908757121,38.515987558295123,0</coordinates></Point>"
TAMBER BEY VINEYARDS,PROD,60000,60000,09/01/2013,26372,Calistoga,"<Point><coordinates>-122.605833480963824,38.594876211177336,0</coordinates></Point>"
BLACK CAT VINEYARD,PROD,12500,12500,09/14/2014,3350,Napa Valley,"<Point><coordinates>-122.253392480563647,38.22767192201966,0</coordinates></Point>"
DIOGENES RIDGE WINERY,APVD,30000,30000,,9245,Howell Mountain,"<Point><coordinates>-122.452830384215162,38.572010967470867,0</coordinates></Point>"
IDEOLOGY CELLARS,APVD,30000,30000,,8523,Oak Knoll District of Napa Valley,"<Point><coordinates>-122.340916009356789,38.362507502511157,0</coordinates></Point>"
CORONA WINERY,APVD,100000,100000,,31428,Oak Knoll District of Napa Valley,"<Point><coordinates>-122.288423104624144,38.352610051462563,0</coordinates></Point>"
CASTELLUCCI FAMILY WINERY,APVD,30000,30000,,12376,St Helena,"<Point><coordinates>-122.426521099675867,38.497523736019012,0</coordinates></Point>"
LMR RUTHERFORD ESTATE WINERY,APVD,100000,100000,,21504,Rutherford,"<Point><coordinates>-122.426671588304671,38.466379681032343,0</coordinates></Point>"
WOOLLS RANCH WINERY,APVD,50000,50000,,20882,Mount Veeder,"<Point><coordinates>-122.364447829956148,38.337093530168865,0</coordinates></Point>"
FRANK FAMILY VINEYARDS RUTHERFORD,PEND,475000,475000,,82350,Rutherford,"<Point><coordinates>-122.408110443756613,38.478963544140598,0</coordinates></Point>"
ROMBAUER VINEYARDS AIRPARK 2,APVD,120000,120000,,0,Napa Valley,"<Point><coordinates>-122.271183191317206,38.218158055254747,0</coordinates></Point>"
YOUNTVILLE HILL WINERY,PEND,100000,100000,,49607,Yountville,"<Point><coordinates>-122.385233572720949,38.42044074125608,0</coordinates></Point>"
FARM COLLECTIVE WINERY,APVD,80000,80000,,13865,Napa Valley,"<Point><coordinates>-122.259301892684007,38.228555493204915,0</coordinates></Point>"
CA'NANI WINERY,APVD,48000,48000,,33893,Oakville,"<Point><coordinates>-122.387000699691612,38.421969885824083,0</coordinates></Point>"
TITUS VINEYARDS,APVD,24000,24000,,32921,St Helena,"<Point><coordinates>-122.48536469864942,38.527563037930989,0</coordinates></Point>"
MENDING WALL (SILVERADO TRL WINERY),PROD,60000,60000,,33630,St Helena,"<Point><coordinates>-122.49995919621206,38.556056039195404,0</coordinates></Point>"
KRUPP BROTHERS WINERY,APVD,50000,50000,,18875,Napa Valley,"<Point><coordinates>-122.283133705827595,38.351418915069551,0</coordinates></Point>"
PELOSI WINERY,APVD,5000,5000,,3100,St Helena,"<Point><coordinates>-122.427590747526736,38.496301791405699,0</coordinates></Point>"
GIRARD NAPA VALLEY,PEND,200000,200000,,39604,Calistoga,"<Point><coordinates>-122.551733579250467,38.572248463573878,0</coordinates></Point>"
HUDSON VINEYARDS WINERY,APVD,80000,80000,,73463,Los Carneros,"<Point><coordinates>-122.365680576851091,38.266144179034214,0</coordinates></Point>"
MELKA WINERY,APVD,10000,10000,,6359,St Helena,"<Point><coordinates>-122.483138541078588,38.52737332859212,0</coordinates></Point>"
MAHONEY VINEYARDS,APVD,30000,30000,,9410,Los Carneros,"<Point><coordinates>-122.341656278630751,38.263455428396725,0</coordinates></Point>"
3646 SMR VINEYARD,APVD,20000,20000,,11150,Spring Mountain District,"<Point><coordinates>-122.536403454973808,38.527769001147973,0</coordinates></Point>"
TRUCHARD VINEYARDS WINERY,PEND,100000,100000,,47800,Los Carneros,"<Point><coordinates>-122.323493581998036,38.281663222176007,0</coordinates></Point>"
MORRIS FAMILY WINERY,PEND,20000,20000,,0,Diamond Mountain District,"<Point><coordinates>-122.549738095396691,38.558781956171991,0</coordinates></Point>"
O'CONNELL FAMILY WINERY,PEND,90000,90000,,27280,Oak Knoll District of Napa Valley,"<Point><coordinates>-122.347104187035598,38.34927529851911,0</coordinates></Point>"
SAM JASPER WINERY,PEND,20000,20000,,17093,Oak Knoll District of Napa Valley,"<Point><coordinates>-122.291208427920424,38.357992722598055,0</coordinates></Point>"
LEAF AND VINE,APVD,18500,18500,,3561,Napa Valley,"<Point><coordinates>-122.253440582691837,38.22800084906364,0</coordinates></Point>"
TENCH WINERY,APVD,42840,42840,,12635,Oakville,"<Point><coordinates>-122.3636097874017,38.452804009038985,0</coordinates></Point>"
CASTLEVALE WINERY,PEND,30000,30000,,0,Chiles Valley District,"<Point><coordinates>-122.341895859531604,38.545030069057887,0</coordinates></Point>"
CHANTICLEER WINERY,PEND,10000,10000,,16878,Yountville,"<Point><coordinates>-122.363978055704408,38.38820317678519,0</coordinates></Point>"
SHED CREEK WINERY,PEND,5000,5000,,4170,Napa Valley,"<Point><coordinates>-122.099087548665523,38.329045543628574,0</coordinates></Point>"
2490 LAKE COUNTY HWY WINERY,PEND,25000,25000,,0,Calistoga,"<Point><coordinates>-122.579792525454451,38.594173037633048,0</coordinates></Point>"
SAWYER CELLARS,APVD,10000,10000,,3743,Napa Valley,"<Point><coordinates>-122.267272425636364,38.225392185578805,0</coordinates></Point>"
BEAUTIFUL DAY WINERY,PEND,30000,30000,,23619,Calistoga,"<Point><coordinates>-122.563930655905722,38.569661929433913,0</coordinates></Point>"
PAUL HOBBS WINERY,PEND,60000,60000,,17625,Coombsville,"<Point><coordinates>-122.2511306850691,38.284354916255396,0</coordinates></Point>"
WHL WINERY,APVD,10000,10000,,8578,Rutherford,"<Point><coordinates>-122.441785970520186,38.464574061758185,0</coordinates></Point>"
FLYNVILLE WINE COMPANY,PEND,60000,60000,,24000,Calistoga,"<Point><coordinates>-122.538301687336954,38.562014514103296,0</coordinates></Point>"
SLEEPING GIANT,PEND,30000,30000,,6963,Los Carneros,"<Point><coordinates>-122.329131791622245,38.230762890097608,0</coordinates></Point>"
CANARD WINERY,APVD,10000,10000,,3005,Calistoga,"<Point><coordinates>-122.555497786744411,38.575496237617337,0</coordinates></Point>"
BIN TO BOTTLE II,PEND,250000,250000,,20014,Napa Valley,"<Point><coordinates>-122.254897941888956,38.229063598711782,0</coordinates></Point>"
SPENCE VINEYARDS,PROD,5000,5000,09/01/2010,756,Howell Mountain,"<Point><coordinates>-122.443012175862791,38.592577335496664,0</coordinates></Point>"
ZAPOLSKI - RUDD WINERY,APVD,120000,0,,34510,Napa Valley,"<Point><coordinates>-122.262472370620245,38.22780472860353,0</coordinates></Point>"
CALISTOGA ARTISAN VILLAGE,APVD,48000,0,,9144,Calistoga,"<Point><coordinates>-122.600940448607318,38.600042131841576,0</coordinates></Point>"
FAVIA ERICKSON WINEGROWERS,APVD,10000,10000,,7085,Coombsville,"<Point><coordinates>-122.249957942574596,38.293387543750129,0</coordinates></Point>"
GRASSI WINERY,PEND,25000,25000,,7773,Napa Valley,"<Point><coordinates>-122.281568796909056,38.358125149964337,0</coordinates></Point>"
DDNG WINERY,PEND,48000,48000,,27664,Oakville,"<Point><coordinates>-122.385629719081678,38.422121903961951,0</coordinates></Point>"
MOUNTAIN PEAK WINERY,PEND,100000,100000,,73486,Atlas Peak,"<Point><coordinates>-122.296690300655229,38.436627101264961,0</coordinates></Point>"
TAYLOR FAMILY VINEYARDS,APVD,15000,15000,,2560,Stags Leap District,"<Point><coordinates>-122.337063152048259,38.410839450544856,0</coordinates></Point>"
YOUNTMILL VINEYARDS,PEND,48000,48000,,28912,Oakville,"<Point><coordinates>-122.384992678733212,38.422755996634621,0</coordinates></Point>"
KENNEFICK RANCH WINERY,PEND,20000,20000,,4740,Calistoga,"<Point><coordinates>-122.55638946941464,38.591012074287988,0</coordinates></Point>"
SLEEPING LADY WINERY,PEND,30000,30000,,6572,Yountville,"<Point><coordinates>-122.354518942220935,38.374881483648643,0</coordinates></Point>"
FORTUNATI WINERY,PEND,12000,12000,,2563,Oak Knoll District of Napa Valley,"<Point><coordinates>-122.308165503284869,38.347763016140433,0</coordinates></Point>"
DEL BONDIO WINERY,APVD,38000,38000,,7000,Rutherford,"<Point><coordinates>-122.418088435620291,38.445900531588009,0</coordinates></Point>"
CHOW FAMILY WINERY,UNKNWN,20000,20000,,17063,Rutherford,"<Point><coordinates>-122.415104502670204,38.446872646667259,0</coordinates></Point>"
DARMS LANE WINERY,PEND,30000,30000,,23022,Oak Knoll District of Napa Valley,"<Point><coordinates>-122.34944162880457,38.363622899214882,0</coordinates></Point>"
YOUNTVILLE WASHINGTON STREET WINERY,PEND,30000,30000,,5264,Yountville,"<Point><coordinates>-122.348038879065641,38.387112896953276,0</coordinates></Point>"
CHARLES KRUG WINERY,,0,0,,0,,"<Point><coordinates>-122.481145299249803,38.518671659123342,0</coordinates></Point>"
FORMAN VINEYARD,,0,0,,0,,"<Point><coordinates>-122.447711889908135,38.519192726394735,0</coordinates></Point>"
BERINGER VINEYARDS,,0,0,,0,,"<Point><coordinates>-122.48116418859756,38.51058342910661,0</coordinates></Point>"
MERRYVALE VINEYARDS,,0,0,,0,,"<Point><coordinates>-122.46385227312004,38.50270948465338,0</coordinates></Point>"
SUTTER HOME WINERY,,0,0,,0,,"<Point><coordinates>-122.453029385638374,38.495985042077422,0</coordinates></Point>"
SPOTTSWOODE WINERY,,0,0,,0,,"<Point><coordinates>-122.477878761417287,38.498263686436751,0</coordinates></Point>"
LAVA VINE,,0,0,,0,,"<Point><coordinates>-122.5749616221633,38.587367728968353,0</coordinates></Point>"
T-VINE CELLARS,,0,0,,0,,"<Point><coordinates>-122.577110042231837,38.574640978700501,0</coordinates></Point>"
ARROYO WINERY #2,,0,0,,0,,"<Point><coordinates>-122.587085569171776,38.594121163630319,0</coordinates></Point>"
AUBERT WINERY,,0,0,,0,,"<Point><coordinates>-122.566106897670593,38.582025982253406,0</coordinates></Point>"
TEDESCHI WINERY,,0,0,,0,,"<Point><coordinates>-122.593804695016502,38.590194778216187,0</coordinates></Point>"
BRIAN ARDEN,,0,0,,0,,"<Point><coordinates>-122.566290465692205,38.583162922758625,0</coordinates></Point>"
BRAGG VINEYARDS,,0,0,,0,,"<Point><coordinates>-122.589336959112401,38.581907587894293,0</coordinates></Point>"
VAROZZA,,0,0,,0,,"<Point><coordinates>-122.474826250359669,38.517358922346638,0</coordinates></Point>"
FULTON WINERY,,0,0,,0,,"<Point><coordinates>-122.470057503483631,38.510406379127872,0</coordinates></Point>"
ANOMALY,,0,0,,0,,"<Point><coordinates>-122.472968317643677,38.489661219150207,0</coordinates></Point>"
SULPHUR SPRINGS WINERY,,0,0,,0,,"<Point><coordinates>-122.468617519122958,38.48752108851194,0</coordinates></Point>"
SALVESTRIN WINERY,,0,0,,0,,"<Point><coordinates>-122.461293908411463,38.496255086661215,0</coordinates></Point>"
REID FAMILY VINEYARDS,,0,0,,0,,"<Point><coordinates>-122.348361014651275,38.31417439281644,0</coordinates></Point>"
BRYSON ESTATE VINEYARD,,0,0,,0,,"<Point><coordinates>-122.335723321421185,38.297883931675045,0</coordinates></Point>"
ST. CLAIR-BROWN WINERY,,0,0,,0,,"<Point><coordinates>-122.286609740603936,38.304770992517994,0</coordinates></Point>"
STARMONT (MERRYVALE),,0,0,,0,,"<Point><coordinates>-122.293928990043781,38.244435259350944,0</coordinates></Point>"
SONOMA WINE COMPANY,,0,0,,0,,"<Point><coordinates>-122.277623654007456,38.19452285015484,0</coordinates></Point>"
HESS COLLECTION WINERY,,0,0,,0,,"<Point><coordinates>-122.270173657140816,38.190188994358813,0</coordinates></Point>"
SAINT HELENA WINERY,,0,0,,0,,"<Point><coordinates>-122.476112923759416,38.51972915905943,0</coordinates></Point>"
DAVIES FAMILY WINERY,,0,0,,0,,"<Point><coordinates>-122.462200683307856,38.498824132160379,0</coordinates></Point>"
FALCOR WINERY,,0,0,,0,,"<Point><coordinates>-122.275332832522622,38.255462167105534,0</coordinates></Point>"
SPELLETICH FAMILY WINE CO.,,0,0,,0,,"<Point><coordinates>-122.275976463166458,38.253517535651817,0</coordinates></Point>"
